{"h": [[1, 26, 0.5], [-1, 22, 0.5], [1, 311, 0.5], [-1, 37, 1.5], [1, 372, 0.5], [-1, 60, 0.5], [1, 23, 0.5], [-1, 79, 0.5], [1, 292, 0.5], [-1, 282, 0.5], [1, 88, 0.5], [-1, 15, 0.5], [-1, 195, 0.5], [1, 311, 0.5], [-1, 556, 0.5], [1, 190, 0.5], [-1, 31, 0.5], [1, 102, 0.5], [-1, 703, 0.5], [1, 1012, 0.5], [-1, 179, 0.5], [1, 2, 2.5], [-1, 1, 2.5], [1, 4, 1.5], [-1, 17, 1.5], [1, 890, 0.5], [-1, 196, 0.5], [1, 41, 0.5], [1, 402, 0.5], [-1, 688, 0.5], [1, 26, 1.5], [-1, 198, 0.5], [1, 379, 0.5], [-1, 352, 0.5], [1, 372, 0.5], [-1, 985, 0.5], [1, 742, 0.5], [-1, 52, 1.5], [1, 304, 0.5], [-1, 432, 0.5], [1, 232, 0.5], [-1, 300, 0.5], [1, 187, 0.5], [-1, 29, 0.5], [-1, 20, 0.5], [1, 55, 0.5], [-1, 426, 0.5], [1, 804, 0.5], [-1, 241, 0.5], [1, 824, 0.5], [-1, 613, 0.5], [1, 236, 0.5], [-1, 147, 0.5], [1, 140, 0.5], [-1, 99, 0.5], [1, 275, 0.5], [-1, 1005, 0.5], [1, 1113, 0.5], [-1, 706, 0.5], [1, 331, 0.5], [-1, 158, 0.5], [1, 76, 0.5], [-1, 57, 0.5], [1, 72, 0.5], [-1, 128, 0.5], [1, 816, 0.5], [-1, 788, 0.5], [1, 1468, 0.5], [-1, 728, 0.5], [1, 78, 0.5], [-1, 133, 0.5], [1, 311, 0.5], [-1, 1413, 0.5], [1, 890, 0.5], [-1, 1305, 0.5], [1, 135, 0.5], [-1, 24, 0.5], [1, 45, 0.5], [-1, 371, 0.5], [1, 421, 0.5]], "a": [0.23268162484461088, 0.18048760790044152, 0.14182024578849414, 0.2042881164359667, 0.1419580715990991, 0.16652720932609072, 0.1259736110917273, 0.12662070033219625, 0.1385772484884793, 0.15317244843671132, 0.1404980834915623, 0.11552321487696247, 0.10150697364519229, 0.1487377350774107, 0.13774445453738957, 0.1275179953612204, 0.11914697338206873, 0.10034166148390529, 0.1268797423056781, 0.12804111437855573, 0.13097488464876425, 0.10765652227898792, 0.10659659071181043, 0.10751776312358582, 0.11170848638963529, 0.1054852594521683, 0.12676642937194893, 0.10336404022227443, 0.08769532244704788, 0.125262858317209, 0.11015277798800972, 0.1033572632472053, 0.1057038315094953, 0.10640526064992457, 0.10506689786954714, 0.11122801210452211, 0.1180139597135064, 0.10860305336235761, 0.1055524754660752, 0.10443609434352062, 0.10443114738980691, 0.09685154264006667, 0.1033162441153818, 0.0952173288225267, 0.0865244948374735, 0.08536559851514039, 0.08741344192725796, 0.10975734834794587, 0.1102753329472729, 0.10075651505066485, 0.10800105006887727, 0.10145152960530103, 0.08905900531939179, 0.08370194041121057, 0.09066673135401038, 0.08542195183798026, 0.0965603351727889, 0.09904752827625903, 0.10367237197410442, 0.09816222177280531, 0.09033259570891178, 0.08546535193961598, 0.08401495633510503, 0.08731104804561418, 0.08520842018493886, 0.0898045676973005, 0.10134330207258628, 0.09771793125505067, 0.0974016301739402, 0.09281462521539639, 0.07238240388216409, 0.08942097605995711, 0.0926634308580697, 0.09742002478339115, 0.09519414137285835, 0.09780544784187649, 0.07627263181612536, 0.07789571658628089, 0.08364172758336373, 0.0953559100347909]}